,mean_fit_time,std_fit_time,mean_score_time,std_score_time,param_max_depth,param_min_samples_leaf,param_min_samples_split,param_n_estimators,params,split0_test_score,split1_test_score,split2_test_score,split3_test_score,split4_test_score,split5_test_score,split6_test_score,split7_test_score,split8_test_score,mean_test_score,std_test_score,rank_test_score,split0_train_score,split1_train_score,split2_train_score,split3_train_score,split4_train_score,split5_train_score,split6_train_score,split7_train_score,split8_train_score,mean_train_score,std_train_score
0,0.700157986746894,0.004423517234834642,0.003889878590901693,0.00031427544127042334,10,8,8,50,"{'max_depth': 10, 'min_samples_leaf': 8, 'min_samples_split': 8, 'n_estimators': 50}",0.7070685242576658,0.6830126354445264,0.7223108773815288,0.7256818558149503,0.7451000095562522,0.6924666666675048,0.6705817076869086,0.673714597721536,0.7681589443511457,0.7097884243202243,0.031493050847227894,59,0.7301756536276794,0.7325897052444135,0.7281592988202935,0.7278199126502652,0.7272497902383626,0.7337304340028545,0.7344922581898716,0.7332867386089725,0.7229043394582939,0.730045347871223,0.0036158771135776113
1,1.3877588642968073,0.011391798654144804,0.007335186004638672,0.00047159539139925876,10,8,8,100,"{'max_depth': 10, 'min_samples_leaf': 8, 'min_samples_split': 8, 'n_estimators': 100}",0.7076945859945485,0.6819334139836817,0.7228288418594853,0.7261943789471346,0.7450663634652919,0.692807845456229,0.6703970552853044,0.6739207978713617,0.7690782091955732,0.7099912768954011,0.031807478986100764,57,0.7300450254173596,0.7322983090340678,0.7281437153625283,0.7279969950362908,0.7275577707250132,0.7335348924378339,0.7348553582193039,0.7333501361054697,0.7236550174555999,0.730159691088163,0.0034323498475182803
2,2.0819143189324274,0.017408491866569,0.010669390360514322,0.00047165151686365405,10,8,8,150,"{'max_depth': 10, 'min_samples_leaf': 8, 'min_samples_split': 8, 'n_estimators': 150}",0.7079668144454793,0.6818874036311088,0.722840166144914,0.7267337861830694,0.7452635093957842,0.6932341911260955,0.6696938336557616,0.674353488497797,0.7688171102882132,0.7100878114853582,0.03183044091474061,55,0.7300994704519922,0.732327181478422,0.7281689572407776,0.7285624301599982,0.7278846936455625,0.7338742230627726,0.7353031135621508,0.7338447182159173,0.7237111536204339,0.7304195490486697,0.0035150373114671484
3,0.6961570845709907,0.003367241302556575,0.0037786165873209634,0.00041573118122927315,10,8,16,50,"{'max_depth': 10, 'min_samples_leaf': 8, 'min_samples_split': 16, 'n_estimators': 50}",0.7070685242576658,0.6830126354445264,0.7223108773815288,0.7256818558149503,0.7451000095562522,0.6924666666675048,0.6705817076869086,0.673714597721536,0.7681589443511457,0.7097884243202243,0.031493050847227894,59,0.7301756536276794,0.7325897052444135,0.7281592988202935,0.7278199126502652,0.7272497902383626,0.7337304340028545,0.7344922581898716,0.7332867386089725,0.7229043394582939,0.730045347871223,0.0036158771135776113
4,1.3958505789438884,0.009783816804572546,0.007334815131293403,0.0004717450861184273,10,8,16,100,"{'max_depth': 10, 'min_samples_leaf': 8, 'min_samples_split': 16, 'n_estimators': 100}",0.7076945859945485,0.6819334139836817,0.7228288418594853,0.7261943789471346,0.7450663634652919,0.692807845456229,0.6703970552853044,0.6739207978713617,0.7690782091955732,0.7099912768954011,0.031807478986100764,57,0.7300450254173596,0.7322983090340678,0.7281437153625283,0.7279969950362908,0.7275577707250132,0.7335348924378339,0.7348553582193039,0.7333501361054697,0.7236550174555999,0.730159691088163,0.0034323498475182803
5,2.0971575842963324,0.011397400484338072,0.010558128356933594,0.0004972946359194838,10,8,16,150,"{'max_depth': 10, 'min_samples_leaf': 8, 'min_samples_split': 16, 'n_estimators': 150}",0.7079668144454793,0.6818874036311088,0.722840166144914,0.7267337861830694,0.7452635093957842,0.6932341911260955,0.6696938336557616,0.674353488497797,0.7688171102882132,0.7100878114853582,0.03183044091474061,55,0.7300994704519922,0.732327181478422,0.7281689572407776,0.7285624301599982,0.7278846936455625,0.7338742230627726,0.7353031135621508,0.7338447182159173,0.7237111536204339,0.7304195490486697,0.0035150373114671484
6,0.6937202082739936,0.007380406633130289,0.003889746136135525,0.00031439685840388345,10,8,20,50,"{'max_depth': 10, 'min_samples_leaf': 8, 'min_samples_split': 20, 'n_estimators': 50}",0.7070529708499387,0.6818496414007462,0.7217490061279173,0.724461565368681,0.7448970801465562,0.6924726517701623,0.6703028908292876,0.6720919219374515,0.7664238344967285,0.709033506991941,0.03137841226476823,63,0.7283772615011428,0.7310308067077804,0.7264791387940093,0.7257709523969817,0.7252253887313578,0.7319880721297323,0.7325207810818444,0.7311554254069118,0.7200404032832551,0.7280653588925572,0.0038575161767766125
7,1.3774556318918865,0.005258086711629967,0.007557286156548394,0.0004969868702956841,10,8,20,100,"{'max_depth': 10, 'min_samples_leaf': 8, 'min_samples_split': 20, 'n_estimators': 100}",0.7078126453042135,0.6813043955062799,0.7219252319717239,0.7250312492380602,0.7450857851434247,0.6928348451878719,0.6702799555932755,0.6720785973597094,0.767763771272036,0.7093462751751772,0.03174647570998879,62,0.7282965492715083,0.7308811621376661,0.7264241389680977,0.7259979645174977,0.7258793312866365,0.7319587875645246,0.7332308031240455,0.7312054134161354,0.720958582558253,0.7283147480938184,0.0036723545941812537
8,2.0878272321489124,0.017004906455645598,0.010557863447401259,0.0004971109062858782,10,8,20,150,"{'max_depth': 10, 'min_samples_leaf': 8, 'min_samples_split': 20, 'n_estimators': 150}",0.7081021998197068,0.6815397140055306,0.7220261505525845,0.7256932474675901,0.7451370749321519,0.6932309970207426,0.6695585885229263,0.6724603956452126,0.7679429777270768,0.7095212606326136,0.03183353391930742,61,0.7284315197551124,0.7309830437041571,0.7265529510308238,0.7263977250565485,0.7261121976498242,0.7322514829017677,0.733748782369241,0.7316391749292066,0.7214023742216589,0.7286132501798157,0.0036790846701141603
9,0.6873812940385606,0.005203005527084826,0.003778696060180664,0.0004155824366626412,10,12,8,50,"{'max_depth': 10, 'min_samples_leaf': 12, 'min_samples_split': 8, 'n_estimators': 50}",0.7043248854177726,0.6763123942660277,0.7175660236845822,0.7215073430363054,0.7437613338896325,0.6934528035611517,0.6665717875766506,0.6734609333779862,0.7627025823720054,0.7066288985757905,0.031031809896398047,70,0.722197052444296,0.7253068179929532,0.7212133167816492,0.7180535124212405,0.7163158011359774,0.7247955519739782,0.72568675515412,0.7249198273487298,0.7141024014550307,0.721399004078664,0.004062451235642881
10,1.3709635999467638,0.009740611791899511,0.007779889636569553,0.0009163079337734112,10,12,8,100,"{'max_depth': 10, 'min_samples_leaf': 12, 'min_samples_split': 8, 'n_estimators': 100}",0.7048406915959227,0.6756389412177014,0.7185691208752419,0.7219895901592357,0.7445463699907371,0.6935522949777007,0.6670016277661791,0.6737629557668714,0.7639574257847591,0.7070954464593721,0.031421717390725766,67,0.7223571923097554,0.7254312564623424,0.7211534856564279,0.7182451021158235,0.7167830038558899,0.7249418492131664,0.7261293718921882,0.7245437078068975,0.7145184807273753,0.7215670500044297,0.003949637936165634
11,2.0722465780046253,0.017253474528421974,0.01078049341837565,0.0004158586103604375,10,12,8,150,"{'max_depth': 10, 'min_samples_leaf': 12, 'min_samples_split': 8, 'n_estimators': 150}",0.7047387647027866,0.6760973415162692,0.7184834351590272,0.722701855248576,0.7447856825987933,0.693790276980377,0.6667825408125455,0.6740849152479427,0.7636731728056048,0.7072375538968801,0.03136336694712569,64,0.7223962912047959,0.7254986947333648,0.721234675378233,0.7185905594925996,0.7169524772723325,0.7251725966029299,0.7262996424526468,0.7244217282978226,0.7144834254982251,0.7216722323258833,0.003944538747485754
12,0.7042272355821397,0.02414607303872903,0.004334343804253472,0.001054200513844665,10,12,16,50,"{'max_depth': 10, 'min_samples_leaf': 12, 'min_samples_split': 16, 'n_estimators': 50}",0.7043248854177726,0.6763123942660277,0.7175660236845822,0.7215073430363054,0.7437613338896325,0.6934528035611517,0.6665717875766506,0.6734609333779862,0.7627025823720054,0.7066288985757905,0.031031809896398047,70,0.722197052444296,0.7253068179929532,0.7212133167816492,0.7180535124212405,0.7163158011359774,0.7247955519739782,0.72568675515412,0.7249198273487298,0.7141024014550307,0.721399004078664,0.004062451235642881
13,1.404736147986518,0.027514810854800002,0.007445891698201497,0.0004972237615751126,10,12,16,100,"{'max_depth': 10, 'min_samples_leaf': 12, 'min_samples_split': 16, 'n_estimators': 100}",0.7048406915959227,0.6756389412177014,0.7185691208752419,0.7219895901592357,0.7445463699907371,0.6935522949777007,0.6670016277661791,0.6737629557668714,0.7639574257847591,0.7070954464593721,0.031421717390725766,67,0.7223571923097554,0.7254312564623424,0.7211534856564279,0.7182451021158235,0.7167830038558899,0.7249418492131664,0.7261293718921882,0.7245437078068975,0.7145184807273753,0.7215670500044297,0.003949637936165634
14,2.061354292763604,0.014078190434448938,0.010669231414794922,0.0004717077695451497,10,12,16,150,"{'max_depth': 10, 'min_samples_leaf': 12, 'min_samples_split': 16, 'n_estimators': 150}",0.7047387647027866,0.6760973415162692,0.7184834351590272,0.722701855248576,0.7447856825987933,0.693790276980377,0.6667825408125455,0.6740849152479427,0.7636731728056048,0.7072375538968801,0.03136336694712569,64,0.7223962912047959,0.7254986947333648,0.721234675378233,0.7185905594925996,0.7169524772723325,0.7251725966029299,0.7262996424526468,0.7244217282978226,0.7144834254982251,0.7216722323258833,0.003944538747485754
15,0.6944902473025851,0.01881334234542014,0.004890176984998915,0.0025147432712860148,10,12,20,50,"{'max_depth': 10, 'min_samples_leaf': 12, 'min_samples_split': 20, 'n_estimators': 50}",0.7043248854177726,0.6763123942660277,0.7175660236845822,0.7215073430363054,0.7437613338896325,0.6934528035611517,0.6665717875766506,0.6734609333779862,0.7627025823720054,0.7066288985757905,0.031031809896398047,70,0.722197052444296,0.7253068179929532,0.7212133167816492,0.7180535124212405,0.7163158011359774,0.7247955519739782,0.72568675515412,0.7249198273487298,0.7141024014550307,0.721399004078664,0.004062451235642881
16,1.3738661607106526,0.012502872899297286,0.007668362723456489,0.00047161420925489165,10,12,20,100,"{'max_depth': 10, 'min_samples_leaf': 12, 'min_samples_split': 20, 'n_estimators': 100}",0.7048406915959227,0.6756389412177014,0.7185691208752419,0.7219895901592357,0.7445463699907371,0.6935522949777007,0.6670016277661791,0.6737629557668714,0.7639574257847591,0.7070954464593721,0.031421717390725766,67,0.7223571923097554,0.7254312564623424,0.7211534856564279,0.7182451021158235,0.7167830038558899,0.7249418492131664,0.7261293718921882,0.7245437078068975,0.7145184807273753,0.7215670500044297,0.003949637936165634
17,2.1171450085110135,0.047494165144367356,0.01100256707933214,0.0006667376447396403,10,12,20,150,"{'max_depth': 10, 'min_samples_leaf': 12, 'min_samples_split': 20, 'n_estimators': 150}",0.7047387647027866,0.6760973415162692,0.7184834351590272,0.722701855248576,0.7447856825987933,0.693790276980377,0.6667825408125455,0.6740849152479427,0.7636731728056048,0.7072375538968801,0.03136336694712569,64,0.7223962912047959,0.7254986947333648,0.721234675378233,0.7185905594925996,0.7169524772723325,0.7251725966029299,0.7262996424526468,0.7244217282978226,0.7144834254982251,0.7216722323258833,0.003944538747485754
18,0.6900445885128446,0.017172534961007315,0.003889746136135525,0.0005669271942139399,10,18,8,50,"{'max_depth': 10, 'min_samples_leaf': 18, 'min_samples_split': 8, 'n_estimators': 50}",0.7031998469116787,0.6737104842549174,0.7142101711718472,0.7212092536469296,0.7418828700957214,0.6911504972933789,0.6669433080388536,0.6735861765660321,0.7644898654320837,0.7055980526012714,0.03136339254590275,79,0.7168646744766676,0.720986316984285,0.7170117573363834,0.714421117690609,0.7115630087514941,0.7200291676186439,0.7221547681959088,0.7217294641654,0.7106829821462038,0.7172714730406217,0.004075365574600609
19,1.3888703187306721,0.057589737705669664,0.007335212495591905,0.001054409977648888,10,18,8,100,"{'max_depth': 10, 'min_samples_leaf': 18, 'min_samples_split': 8, 'n_estimators': 100}",0.7035204117559668,0.673491170666498,0.7146517852496672,0.7220353884778533,0.7428897700357803,0.6911252941941564,0.66710968926596,0.6732366528062983,0.7657666317991114,0.7059807549168102,0.03185908478809742,76,0.7170370124529915,0.7209474090203162,0.7171721991978373,0.7143129958269698,0.7119536046663173,0.7201480854965531,0.7222356473987745,0.7208700280490083,0.7108935736282738,0.7172856173041158,0.0039037441950064097
20,2.038349363538954,0.04724654209764493,0.010335842768351236,0.0004714265863869666,10,18,8,150,"{'max_depth': 10, 'min_samples_leaf': 18, 'min_samples_split': 8, 'n_estimators': 150}",0.7036093201444682,0.6735430506667714,0.714065172791539,0.7221759880897567,0.7434553545316984,0.6914896667829412,0.6663357230540284,0.6735952789441724,0.7657942925163407,0.7060070941690796,0.031968751484207844,73,0.7170912679893089,0.7208251078491106,0.7172621688385212,0.7147354915358055,0.712011789799393,0.7202775236442095,0.7220490897984404,0.720596878398502,0.710852788827433,0.7173002340756359,0.003813261886512987
21,0.6721519364251031,0.001247581582705942,0.004111978742811415,0.0003143406576006645,10,18,16,50,"{'max_depth': 10, 'min_samples_leaf': 18, 'min_samples_split': 16, 'n_estimators': 50}",0.7031998469116787,0.6737104842549174,0.7142101711718472,0.7212092536469296,0.7418828700957214,0.6911504972933789,0.6669433080388536,0.6735861765660321,0.7644898654320837,0.7055980526012714,0.03136339254590275,79,0.7168646744766676,0.720986316984285,0.7170117573363834,0.714421117690609,0.7115630087514941,0.7200291676186439,0.7221547681959088,0.7217294641654,0.7106829821462038,0.7172714730406217,0.004075365574600609
22,1.3414139482710097,0.004409146628967473,0.006890508863661025,0.00056683884943133,10,18,16,100,"{'max_depth': 10, 'min_samples_leaf': 18, 'min_samples_split': 16, 'n_estimators': 100}",0.7035204117559668,0.673491170666498,0.7146517852496672,0.7220353884778533,0.7428897700357803,0.6911252941941564,0.66710968926596,0.6732366528062983,0.7657666317991114,0.7059807549168102,0.03185908478809742,76,0.7170370124529915,0.7209474090203162,0.7171721991978373,0.7143129958269698,0.7119536046663173,0.7201480854965531,0.7222356473987745,0.7208700280490083,0.7108935736282738,0.7172856173041158,0.0039037441950064097
23,2.0096760325961642,0.004442444608493375,0.010224766201443143,0.0004161203605417824,10,18,16,150,"{'max_depth': 10, 'min_samples_leaf': 18, 'min_samples_split': 16, 'n_estimators': 150}",0.7036093201444682,0.6735430506667714,0.714065172791539,0.7221759880897567,0.7434553545316984,0.6914896667829412,0.6663357230540284,0.6735952789441724,0.7657942925163407,0.7060070941690796,0.031968751484207844,73,0.7170912679893089,0.7208251078491106,0.7172621688385212,0.7147354915358055,0.712011789799393,0.7202775236442095,0.7220490897984404,0.720596878398502,0.710852788827433,0.7173002340756359,0.003813261886512987
24,0.669150882297092,0.0025391166799529417,0.004000955157809787,3.1344518571957566e-07,10,18,20,50,"{'max_depth': 10, 'min_samples_leaf': 18, 'min_samples_split': 20, 'n_estimators': 50}",0.7031998469116787,0.6737104842549174,0.7142101711718472,0.7212092536469296,0.7418828700957214,0.6911504972933789,0.6669433080388536,0.6735861765660321,0.7644898654320837,0.7055980526012714,0.03136339254590275,79,0.7168646744766676,0.720986316984285,0.7170117573363834,0.714421117690609,0.7115630087514941,0.7200291676186439,0.7221547681959088,0.7217294641654,0.7106829821462038,0.7172714730406217,0.004075365574600609
25,1.3548617098066542,0.04654392758856284,0.007001797358194987,0.00047153908512861714,10,18,20,100,"{'max_depth': 10, 'min_samples_leaf': 18, 'min_samples_split': 20, 'n_estimators': 100}",0.7035204117559668,0.673491170666498,0.7146517852496672,0.7220353884778533,0.7428897700357803,0.6911252941941564,0.66710968926596,0.6732366528062983,0.7657666317991114,0.7059807549168102,0.03185908478809742,76,0.7170370124529915,0.7209474090203162,0.7171721991978373,0.7143129958269698,0.7119536046663173,0.7201480854965531,0.7222356473987745,0.7208700280490083,0.7108935736282738,0.7172856173041158,0.0039037441950064097
26,2.014789660771688,0.014317402235006478,0.01022444831000434,0.0004157804639937899,10,18,20,150,"{'max_depth': 10, 'min_samples_leaf': 18, 'min_samples_split': 20, 'n_estimators': 150}",0.7036093201444682,0.6735430506667714,0.714065172791539,0.7221759880897567,0.7434553545316984,0.6914896667829412,0.6663357230540284,0.6735952789441724,0.7657942925163407,0.7060070941690796,0.031968751484207844,73,0.7170912679893089,0.7208251078491106,0.7172621688385212,0.7147354915358055,0.712011789799393,0.7202775236442095,0.7220490897984404,0.720596878398502,0.710852788827433,0.7173002340756359,0.003813261886512987
27,1.0486804114447699,0.003919630098752334,0.0053344302707248265,0.00047167022089198286,20,8,8,50,"{'max_depth': 20, 'min_samples_leaf': 8, 'min_samples_split': 8, 'n_estimators': 50}",0.7798156847709914,0.7622869063466592,0.8039081440658975,0.8005008548380748,0.8079453436350874,0.7631831372259982,0.7711554731845599,0.772799721165387,0.8164069726301052,0.7864446930958623,0.0195821683885044,14,0.8556667068776226,0.8484559420708571,0.8526839547834764,0.846548112194779,0.8515572930487726,0.8530606761740394,0.8537941452527182,0.8524701715144265,0.8546454583022198,0.8520980511354347,0.0027460866287237124
28,2.114588896433512,0.04560159590467047,0.010446760389539931,0.0004968917299288446,20,8,8,100,"{'max_depth': 20, 'min_samples_leaf': 8, 'min_samples_split': 8, 'n_estimators': 100}",0.7814249377701259,0.7659924819114963,0.8045591445053771,0.8044930921565151,0.8084903425845062,0.76416736375682,0.7733210477113999,0.7734391273564118,0.8159326199641204,0.7879800175240859,0.01905942944728887,12,0.8563533366291934,0.8516091953009607,0.8541196388012783,0.8490246932977641,0.8526138214759191,0.8549080490875032,0.8554294111043756,0.8541738415150908,0.8539730364967844,0.8535783359676521,0.0020881180700940568
29,3.2321743965148926,0.08543230055765043,0.015559302435980903,0.0006849540385116153,20,8,8,150,"{'max_depth': 20, 'min_samples_leaf': 8, 'min_samples_split': 8, 'n_estimators': 150}",0.7821506055020422,0.7657404559784431,0.8060294116983946,0.8072177561607209,0.8075393195406371,0.7669428267257112,0.7717349163839986,0.7749886101605474,0.8161046573420807,0.7887165066102862,0.01905656681187846,10,0.8564331584575398,0.8531919067890296,0.8547154009394037,0.850322291813606,0.8538738047669574,0.8559142205967792,0.8556596335437664,0.854241191309175,0.8541525068039375,0.8542782350022438,0.001713665956028524
30,1.0634738604227703,0.010405375859823202,0.005445798238118489,0.0004969571683360275,20,8,16,50,"{'max_depth': 20, 'min_samples_leaf': 8, 'min_samples_split': 16, 'n_estimators': 50}",0.7798156847709914,0.7622869063466592,0.8039081440658975,0.8005008548380748,0.8079453436350874,0.7631831372259982,0.7711554731845599,0.772799721165387,0.8164069726301052,0.7864446930958623,0.0195821683885044,14,0.8556667068776226,0.8484559420708571,0.8526839547834764,0.846548112194779,0.8515572930487726,0.8530606761740394,0.8537941452527182,0.8524701715144265,0.8546454583022198,0.8520980511354347,0.0027460866287237124
31,2.1219237910376654,0.012485097396804241,0.010668887032402886,0.0006667642409395604,20,8,16,100,"{'max_depth': 20, 'min_samples_leaf': 8, 'min_samples_split': 16, 'n_estimators': 100}",0.7814249377701259,0.7659924819114963,0.8045591445053771,0.8044930921565151,0.8084903425845062,0.76416736375682,0.7733210477113999,0.7734391273564118,0.8159326199641204,0.7879800175240859,0.01905942944728887,12,0.8563533366291934,0.8516091953009607,0.8541196388012783,0.8490246932977641,0.8526138214759191,0.8549080490875032,0.8554294111043756,0.8541738415150908,0.8539730364967844,0.8535783359676521,0.0020881180700940568
32,3.176939672893948,0.01930772028424508,0.015559196472167969,0.0004968680560410154,20,8,16,150,"{'max_depth': 20, 'min_samples_leaf': 8, 'min_samples_split': 16, 'n_estimators': 150}",0.7821506055020422,0.7657404559784431,0.8060294116983946,0.8072177561607209,0.8075393195406371,0.7669428267257112,0.7717349163839986,0.7749886101605474,0.8161046573420807,0.7887165066102862,0.01905656681187846,10,0.8564331584575398,0.8531919067890296,0.8547154009394037,0.850322291813606,0.8538738047669574,0.8559142205967792,0.8556596335437664,0.854241191309175,0.8541525068039375,0.8542782350022438,0.001713665956028524
33,1.047014209959242,0.014143869863452587,0.005556927786933051,0.0004971762156276428,20,8,20,50,"{'max_depth': 20, 'min_samples_leaf': 8, 'min_samples_split': 20, 'n_estimators': 50}",0.77693473068155,0.7575020867131437,0.8003528693677255,0.797443947768682,0.8046684441718185,0.7624335490687846,0.768415841858362,0.7683868530640073,0.813600298786778,0.7833042912756502,0.019581646260237943,18,0.849189952231441,0.8418944996486692,0.8457674544872903,0.8393161004712992,0.8442227239961317,0.8465307472924876,0.8463710466518851,0.8447115696285341,0.8464487980337173,0.8449392102712728,0.00272990833910451
34,2.088805357615153,0.005851155319827647,0.010113212797376845,0.0003144250153002314,20,8,20,100,"{'max_depth': 20, 'min_samples_leaf': 8, 'min_samples_split': 20, 'n_estimators': 100}",0.77788720898146,0.7617674255715844,0.8015238308587135,0.802023822125219,0.8059434108500125,0.7624183549675323,0.7709271229910218,0.7684938866413181,0.8127153040278303,0.7848555963349658,0.019264812535226647,17,0.8496653255726985,0.8453506377347881,0.8474371192531498,0.8418129243844349,0.8456418282623333,0.8485591910907508,0.8483511316044583,0.8460728106688671,0.8459442156566307,0.8465372426920124,0.0021875787887549753
35,3.1689634323120117,0.041283333116372604,0.015003204345703125,0.0006665390211819048,20,8,20,150,"{'max_depth': 20, 'min_samples_leaf': 8, 'min_samples_split': 20, 'n_estimators': 150}",0.7787909257107029,0.7619732776637977,0.8029129962273158,0.804175495110505,0.8051850232603895,0.7650916851469179,0.7700153499516743,0.7698873274589713,0.8135920470353704,0.7857360141739604,0.019225839286002744,16,0.8499855639233391,0.8470619556694838,0.8480637340581401,0.8428583741197104,0.8468303986443181,0.8493424104146076,0.8487105958463163,0.8463939875826418,0.8465473908021232,0.8473104901178534,0.0019818140948870255
36,1.0252316527896457,0.01261713150915032,0.005334483252631294,0.000471745099506877,20,12,8,50,"{'max_depth': 20, 'min_samples_leaf': 12, 'min_samples_split': 8, 'n_estimators': 50}",0.7705431657118713,0.7457655205918665,0.7880204769029927,0.7922816932675945,0.7972122179352031,0.7610746311116658,0.757332807650813,0.7650616942175165,0.8076896874599742,0.776109099427722,0.019715901036374734,34,0.8334721964284623,0.826683788835445,0.8291872948633403,0.8235308933887635,0.8258245378076424,0.829413500260194,0.8282412935225205,0.8277051517908699,0.828074016629528,0.8280147415029739,0.0025806809608905548
37,2.0615775850084095,0.05938891987908019,0.010446866353352865,0.0006850658417523484,20,12,8,100,"{'max_depth': 20, 'min_samples_leaf': 12, 'min_samples_split': 8, 'n_estimators': 100}",0.7706565600445433,0.7486177481443634,0.7920600221570995,0.7940990994338082,0.7984167100876437,0.7601562096547826,0.7584780477222377,0.7635529199453335,0.8075873978178605,0.7770694127786302,0.019907552682047615,31,0.8328136255781197,0.8296621684113203,0.8304462721813828,0.8244693316505983,0.8277761648767303,0.830007361158744,0.8304444031261546,0.8292110269786234,0.828247051381996,0.8292308228159633,0.0021687596744485813
38,3.015347374810113,0.013269167192582582,0.014892525143093534,0.00031448122111158713,20,12,8,150,"{'max_depth': 20, 'min_samples_leaf': 12, 'min_samples_split': 8, 'n_estimators': 150}",0.7695390744619957,0.7492494338689875,0.7931113781222889,0.7960390414984593,0.7979773600524263,0.762038239275413,0.7584996032139248,0.7637379290386728,0.8070225862435207,0.7774682939750766,0.01980250841112755,28,0.8327618519919646,0.8308281195982334,0.8309262595793225,0.8253400559162267,0.8289652275491521,0.830005852478304,0.8303439879394758,0.8295160083093247,0.8284688153850119,0.8296840198607796,0.0019366621741801397
39,1.0037825107574463,0.0028721355067768068,0.005111959245469835,0.000314069591400216,20,12,16,50,"{'max_depth': 20, 'min_samples_leaf': 12, 'min_samples_split': 16, 'n_estimators': 50}",0.7705431657118713,0.7457655205918665,0.7880204769029927,0.7922816932675945,0.7972122179352031,0.7610746311116658,0.757332807650813,0.7650616942175165,0.8076896874599742,0.776109099427722,0.019715901036374734,34,0.8334721964284623,0.826683788835445,0.8291872948633403,0.8235308933887635,0.8258245378076424,0.829413500260194,0.8282412935225205,0.8277051517908699,0.828074016629528,0.8280147415029739,0.0025806809608905548
40,2.0026743941836886,0.0035844117505156093,0.010002321667141385,5.364009203199966e-07,20,12,16,100,"{'max_depth': 20, 'min_samples_leaf': 12, 'min_samples_split': 16, 'n_estimators': 100}",0.7706565600445433,0.7486177481443634,0.7920600221570995,0.7940990994338082,0.7984167100876437,0.7601562096547826,0.7584780477222377,0.7635529199453335,0.8075873978178605,0.7770694127786302,0.019907552682047615,31,0.8328136255781197,0.8296621684113203,0.8304462721813828,0.8244693316505983,0.8277761648767303,0.830007361158744,0.8304444031261546,0.8292110269786234,0.828247051381996,0.8292308228159633,0.0021687596744485813
41,3.0001223617129855,0.007975869000693862,0.014114141464233398,0.0003144158866263224,20,12,16,150,"{'max_depth': 20, 'min_samples_leaf': 12, 'min_samples_split': 16, 'n_estimators': 150}",0.7695390744619957,0.7492494338689875,0.7931113781222889,0.7960390414984593,0.7979773600524263,0.762038239275413,0.7584996032139248,0.7637379290386728,0.8070225862435207,0.7774682939750766,0.01980250841112755,28,0.8327618519919646,0.8308281195982334,0.8309262595793225,0.8253400559162267,0.8289652275491521,0.830005852478304,0.8303439879394758,0.8295160083093247,0.8284688153850119,0.8296840198607796,0.0019366621741801397
42,1.0004479885101318,0.0022503601975297836,0.005112515555487739,0.0003143783826277911,20,12,20,50,"{'max_depth': 20, 'min_samples_leaf': 12, 'min_samples_split': 20, 'n_estimators': 50}",0.7705431657118713,0.7457655205918665,0.7880204769029927,0.7922816932675945,0.7972122179352031,0.7610746311116658,0.757332807650813,0.7650616942175165,0.8076896874599742,0.776109099427722,0.019715901036374734,34,0.8334721964284623,0.826683788835445,0.8291872948633403,0.8235308933887635,0.8258245378076424,0.829413500260194,0.8282412935225205,0.8277051517908699,0.828074016629528,0.8280147415029739,0.0025806809608905548
43,1.9997853702969022,0.004715252676055895,0.00955775048997667,0.0004968918061941705,20,12,20,100,"{'max_depth': 20, 'min_samples_leaf': 12, 'min_samples_split': 20, 'n_estimators': 100}",0.7706565600445433,0.7486177481443634,0.7920600221570995,0.7940990994338082,0.7984167100876437,0.7601562096547826,0.7584780477222377,0.7635529199453335,0.8075873978178605,0.7770694127786302,0.019907552682047615,31,0.8328136255781197,0.8296621684113203,0.8304462721813828,0.8244693316505983,0.8277761648767303,0.830007361158744,0.8304444031261546,0.8292110269786234,0.828247051381996,0.8292308228159633,0.0021687596744485813
44,3.00567889213562,0.015430838909329484,0.014336585998535156,0.00047131426180316874,20,12,20,150,"{'max_depth': 20, 'min_samples_leaf': 12, 'min_samples_split': 20, 'n_estimators': 150}",0.7695390744619957,0.7492494338689875,0.7931113781222889,0.7960390414984593,0.7979773600524263,0.762038239275413,0.7584996032139248,0.7637379290386728,0.8070225862435207,0.7774682939750766,0.01980250841112755,28,0.8327618519919646,0.8308281195982334,0.8309262595793225,0.8253400559162267,0.8289652275491521,0.830005852478304,0.8303439879394758,0.8295160083093247,0.8284688153850119,0.8296840198607796,0.0019366621741801397
45,0.9479918479919434,0.004662438541398705,0.005001147588094075,3.554134333133363e-07,20,18,8,50,"{'max_depth': 20, 'min_samples_leaf': 18, 'min_samples_split': 8, 'n_estimators': 50}",0.7597347480483122,0.7296287194398001,0.7721978050636428,0.7788196429834637,0.7888045130844322,0.7526670739711889,0.7385460901108503,0.7497725547145468,0.7995886787076686,0.7633066473471006,0.02196626541957785,52,0.8090320872789276,0.8061987969839857,0.8062431204708314,0.801012739101679,0.8039315556365042,0.8071587863608966,0.8058192464768796,0.8058571374397479,0.8039565911199461,0.8054677845410443,0.0021464575985090254
46,1.902429501215617,0.008745147624098375,0.009224759207831489,0.0004157168258945832,20,18,8,100,"{'max_depth': 20, 'min_samples_leaf': 18, 'min_samples_split': 8, 'n_estimators': 100}",0.7594027636109975,0.7330960788496075,0.7768671851523528,0.7806370264737141,0.7892709022081342,0.7498741124138383,0.7424436392510138,0.751997672361103,0.8023261608138087,0.76510172679273,0.021917532732985506,49,0.8088681900471157,0.8081469526547139,0.8075618834343199,0.8017475512863291,0.8055295169233456,0.8074355521155124,0.8082639172222027,0.8073738106619008,0.8057403857857128,0.8067408622367949,0.0020488768943375466
47,2.846531709035238,0.006541016457511548,0.013781229654947916,0.00041560377381484733,20,18,8,150,"{'max_depth': 20, 'min_samples_leaf': 18, 'min_samples_split': 8, 'n_estimators': 150}",0.758975247096799,0.7324609137254288,0.7764949474138674,0.7821474810172049,0.789840969590816,0.7511365611280206,0.7414430164243692,0.752822453026695,0.8013686022123655,0.7651877990706184,0.02200027865458145,46,0.8084673491748442,0.8085503266322063,0.8071894098937242,0.8024458711313511,0.8062498916875235,0.8071423966142581,0.8080856479131378,0.8077767458250452,0.8062569156327298,0.8069071727227579,0.001769247144285113
48,0.9494365321265327,0.004315635725912431,0.004889885584513347,0.0003143035554572197,20,18,16,50,"{'max_depth': 20, 'min_samples_leaf': 18, 'min_samples_split': 16, 'n_estimators': 50}",0.7597347480483122,0.7296287194398001,0.7721978050636428,0.7788196429834637,0.7888045130844322,0.7526670739711889,0.7385460901108503,0.7497725547145468,0.7995886787076686,0.7633066473471006,0.02196626541957785,52,0.8090320872789276,0.8061987969839857,0.8062431204708314,0.801012739101679,0.8039315556365042,0.8071587863608966,0.8058192464768796,0.8058571374397479,0.8039565911199461,0.8054677845410443,0.0021464575985090254
49,1.899873760011461,0.008605586236843448,0.009335597356160482,0.00047131426180316874,20,18,16,100,"{'max_depth': 20, 'min_samples_leaf': 18, 'min_samples_split': 16, 'n_estimators': 100}",0.7594027636109975,0.7330960788496075,0.7768671851523528,0.7806370264737141,0.7892709022081342,0.7498741124138383,0.7424436392510138,0.751997672361103,0.8023261608138087,0.76510172679273,0.021917532732985506,49,0.8088681900471157,0.8081469526547139,0.8075618834343199,0.8017475512863291,0.8055295169233456,0.8074355521155124,0.8082639172222027,0.8073738106619008,0.8057403857857128,0.8067408622367949,0.0020488768943375466
50,2.8504215081532798,0.009579440610150258,0.013892041312323676,0.0003144534508716068,20,18,16,150,"{'max_depth': 20, 'min_samples_leaf': 18, 'min_samples_split': 16, 'n_estimators': 150}",0.758975247096799,0.7324609137254288,0.7764949474138674,0.7821474810172049,0.789840969590816,0.7511365611280206,0.7414430164243692,0.752822453026695,0.8013686022123655,0.7651877990706184,0.02200027865458145,46,0.8084673491748442,0.8085503266322063,0.8071894098937242,0.8024458711313511,0.8062498916875235,0.8071423966142581,0.8080856479131378,0.8077767458250452,0.8062569156327298,0.8069071727227579,0.001769247144285113
51,0.9493256409962972,0.005666909111570583,0.00511214468214247,0.00031459370299126714,20,18,20,50,"{'max_depth': 20, 'min_samples_leaf': 18, 'min_samples_split': 20, 'n_estimators': 50}",0.7597347480483122,0.7296287194398001,0.7721978050636428,0.7788196429834637,0.7888045130844322,0.7526670739711889,0.7385460901108503,0.7497725547145468,0.7995886787076686,0.7633066473471006,0.02196626541957785,52,0.8090320872789276,0.8061987969839857,0.8062431204708314,0.801012739101679,0.8039315556365042,0.8071587863608966,0.8058192464768796,0.8058571374397479,0.8039565911199461,0.8054677845410443,0.0021464575985090254
52,1.8909828397962782,0.005231476055268179,0.009113073348999023,0.0003142471436808158,20,18,20,100,"{'max_depth': 20, 'min_samples_leaf': 18, 'min_samples_split': 20, 'n_estimators': 100}",0.7594027636109975,0.7330960788496075,0.7768671851523528,0.7806370264737141,0.7892709022081342,0.7498741124138383,0.7424436392510138,0.751997672361103,0.8023261608138087,0.76510172679273,0.021917532732985506,49,0.8088681900471157,0.8081469526547139,0.8075618834343199,0.8017475512863291,0.8055295169233456,0.8074355521155124,0.8082639172222027,0.8073738106619008,0.8057403857857128,0.8067408622367949,0.0020488768943375466
53,2.852533155017429,0.012362678272330532,0.013669623268975152,0.0004717452467797981,20,18,20,150,"{'max_depth': 20, 'min_samples_leaf': 18, 'min_samples_split': 20, 'n_estimators': 150}",0.758975247096799,0.7324609137254288,0.7764949474138674,0.7821474810172049,0.789840969590816,0.7511365611280206,0.7414430164243692,0.752822453026695,0.8013686022123655,0.7651877990706184,0.02200027865458145,46,0.8084673491748442,0.8085503266322063,0.8071894098937242,0.8024458711313511,0.8062498916875235,0.8071423966142581,0.8080856479131378,0.8077767458250452,0.8062569156327298,0.8069071727227579,0.001769247144285113
54,1.1042495568593342,0.006129552356954171,0.00555668936835395,0.000497282889145896,30,8,8,50,"{'max_depth': 30, 'min_samples_leaf': 8, 'min_samples_split': 8, 'n_estimators': 50}",0.788414905813735,0.769256743192738,0.8087515186291563,0.8123980946095072,0.8180752714028348,0.7720534063668895,0.7819250163768423,0.78379138576227,0.8243696594697772,0.7954484446248612,0.01947718383370163,5,0.8703104824741812,0.8688318930357843,0.8693047364295211,0.8657706967589461,0.8697855193474294,0.8708454399247851,0.870645327152624,0.8713835560370358,0.8705855457988654,0.8697181329954636,0.001582913574199956
55,2.203608989715576,0.01007360059807402,0.011224455303615995,0.00041573798397229563,30,8,8,100,"{'max_depth': 30, 'min_samples_leaf': 8, 'min_samples_split': 8, 'n_estimators': 100}",0.7897465457861327,0.7723657235692799,0.8111004648302789,0.8150531527700513,0.8179125885096059,0.7730037794733032,0.784283394280381,0.783349529969401,0.8246760106395405,0.7968323544253306,0.019180750121644365,3,0.8712140916335123,0.8713122349904331,0.8703737513183085,0.8669835575936387,0.8709146625622404,0.8723313422429531,0.8724155190331364,0.872783106869028,0.8711063659084284,0.8710482924612976,0.0016200331295495153
56,3.305857843822903,0.015303672606596498,0.015781323115030926,0.0004158585192342331,30,8,8,150,"{'max_depth': 30, 'min_samples_leaf': 8, 'min_samples_split': 8, 'n_estimators': 150}",0.7902983357575533,0.7712970304911413,0.8128276561094117,0.8169816330447779,0.8168257629911739,0.7759477541414925,0.7823945587351268,0.7853305155630849,0.8252844472111612,0.7974652993383249,0.019261794194878903,1,0.871447347554948,0.8718107574986405,0.8702055054152804,0.8676543438598232,0.8715044096467435,0.8730414805393669,0.8724757113280082,0.8727608161285455,0.8716080011299971,0.8713898192334837,0.0015414418761306957
57,1.1023599836561415,0.006741421666519457,0.005779266357421875,0.0004157100177409508,30,8,16,50,"{'max_depth': 30, 'min_samples_leaf': 8, 'min_samples_split': 16, 'n_estimators': 50}",0.788414905813735,0.769256743192738,0.8087515186291563,0.8123980946095072,0.8180752714028348,0.7720534063668895,0.7819250163768423,0.78379138576227,0.8243696594697772,0.7954484446248612,0.01947718383370163,5,0.8703104824741812,0.8688318930357843,0.8693047364295211,0.8657706967589461,0.8697855193474294,0.8708454399247851,0.870645327152624,0.8713835560370358,0.8705855457988654,0.8697181329954636,0.001582913574199956
58,2.2063873873816595,0.010713987395571696,0.011113431718614366,0.00031449103517598216,30,8,16,100,"{'max_depth': 30, 'min_samples_leaf': 8, 'min_samples_split': 16, 'n_estimators': 100}",0.7897465457861327,0.7723657235692799,0.8111004648302789,0.8150531527700513,0.8179125885096059,0.7730037794733032,0.784283394280381,0.783349529969401,0.8246760106395405,0.7968323544253306,0.019180750121644365,3,0.8712140916335123,0.8713122349904331,0.8703737513183085,0.8669835575936387,0.8709146625622404,0.8723313422429531,0.8724155190331364,0.872783106869028,0.8711063659084284,0.8710482924612976,0.0016200331295495153
59,3.3119703663720026,0.018580003996710327,0.01611463228861491,0.00031444378739551866,30,8,16,150,"{'max_depth': 30, 'min_samples_leaf': 8, 'min_samples_split': 16, 'n_estimators': 150}",0.7902983357575533,0.7712970304911413,0.8128276561094117,0.8169816330447779,0.8168257629911739,0.7759477541414925,0.7823945587351268,0.7853305155630849,0.8252844472111612,0.7974652993383249,0.019261794194878903,1,0.871447347554948,0.8718107574986405,0.8702055054152804,0.8676543438598232,0.8715044096467435,0.8730414805393669,0.8724757113280082,0.8727608161285455,0.8716080011299971,0.8713898192334837,0.0015414418761306957
60,1.0869119962056477,0.005417208045860632,0.005557060241699219,0.0004970281188178017,30,8,20,50,"{'max_depth': 30, 'min_samples_leaf': 8, 'min_samples_split': 20, 'n_estimators': 50}",0.7847880996310966,0.7637798536811347,0.8052757303192232,0.8088708590346786,0.8142358008652104,0.7705537275198167,0.777903815544269,0.7785133824395674,0.8205720132914621,0.7916103647029398,0.019605037279722754,9,0.8625542085263631,0.8605737368852591,0.8611129628701638,0.8570543302845728,0.8608654090777261,0.8629022615328024,0.8614957190883021,0.8620232682566537,0.8608196522279666,0.8610446165277568,0.0016028610913245674
61,2.1723794672224255,0.009872729928036766,0.010335736804538302,0.0004716141244378374,30,8,20,100,"{'max_depth': 30, 'min_samples_leaf': 8, 'min_samples_split': 20, 'n_estimators': 100}",0.7853488044554464,0.7673925872718479,0.8074598901143424,0.8118010008233957,0.8145597466522951,0.7703272649727579,0.7807876827881913,0.7777644429622601,0.8208318651410184,0.7929192539090617,0.01946946027636578,8,0.8630356472122035,0.8632456553484233,0.862132555357934,0.8582811394384455,0.8623524182040797,0.864508741186159,0.8637639590461713,0.8629992706463132,0.8613803201422041,0.8624110785091037,0.0016951868047041622
62,3.252624617682563,0.014219322909234815,0.015447139739990234,0.0004957556100128244,30,8,20,150,"{'max_depth': 30, 'min_samples_leaf': 8, 'min_samples_split': 20, 'n_estimators': 150}",0.7860398158617006,0.7670271796585072,0.8089509328096773,0.8131912483928768,0.8138027200200203,0.7731169573750268,0.7796914686698739,0.7797104061508952,0.8220584267108353,0.7937321284054905,0.019455182796705432,7,0.8633845949275427,0.863847329749887,0.8619429262196548,0.8586471459452742,0.862903781421223,0.86510025158126,0.8639958028207705,0.8633113012295481,0.8623053297295361,0.8628264959582997,0.0017208235982717223
63,1.032121976216634,0.004749060724446849,0.0052236451043023,0.00041608527224911844,30,12,8,50,"{'max_depth': 30, 'min_samples_leaf': 12, 'min_samples_split': 8, 'n_estimators': 50}",0.7748831274019012,0.7495048403715305,0.7914970771343544,0.7975358337008398,0.8032946473918048,0.7672754568279406,0.7641604578526362,0.7723673784896139,0.8123541295067589,0.7814303276308201,0.01954455069472931,25,0.840729039428768,0.8386692857262817,0.838490435714641,0.8346296555719466,0.8363493019866589,0.8393514822064561,0.8378103971579898,0.8380497222571468,0.8373597988460814,0.83793767987733,0.0016485677725267052
64,2.0634658336639404,0.008043344448987926,0.009891086154513888,0.00031418169127585293,30,12,8,100,"{'max_depth': 30, 'min_samples_leaf': 12, 'min_samples_split': 8, 'n_estimators': 100}",0.7751578288710261,0.7524165216709753,0.7958407688539861,0.7995220973014779,0.8035276926011489,0.7663403080793247,0.7640192867718069,0.7701300782250506,0.8119086136915499,0.7820959106740385,0.01968614641559373,22,0.8404826142759858,0.8407079202484735,0.8391870753078141,0.8347277882636492,0.837124489341297,0.8394113606391389,0.8396709427629553,0.8391749851661956,0.837436186790865,0.8386581514218193,0.0017939167719710027
65,3.100922769970364,0.009933074082209035,0.014781210157606337,0.0004156957427082216,30,12,8,150,"{'max_depth': 30, 'min_samples_leaf': 12, 'min_samples_split': 8, 'n_estimators': 150}",0.7745147194406059,0.7528522032681444,0.7968994194790422,0.8013922630261395,0.8026206306856487,0.7680102693241015,0.7638385333452519,0.7703379739539009,0.8117613641616426,0.7824697085204976,0.019647431000247052,19,0.840721928558698,0.8415083540910129,0.8390262639897783,0.8351126651615391,0.8376274940524161,0.8393493725179182,0.8393672328983446,0.8393245084437299,0.8375552490720092,0.838843674309494,0.001778960538100217
66,1.0375678539276123,0.004619975841991083,0.0052233537038167315,0.0004157309077668045,30,12,16,50,"{'max_depth': 30, 'min_samples_leaf': 12, 'min_samples_split': 16, 'n_estimators': 50}",0.7748831274019012,0.7495048403715305,0.7914970771343544,0.7975358337008398,0.8032946473918048,0.7672754568279406,0.7641604578526362,0.7723673784896139,0.8123541295067589,0.7814303276308201,0.01954455069472931,25,0.840729039428768,0.8386692857262817,0.838490435714641,0.8346296555719466,0.8363493019866589,0.8393514822064561,0.8378103971579898,0.8380497222571468,0.8373597988460814,0.83793767987733,0.0016485677725267052
67,2.067022509045071,0.00800359883159366,0.01022444831000434,0.000415780539946551,30,12,16,100,"{'max_depth': 30, 'min_samples_leaf': 12, 'min_samples_split': 16, 'n_estimators': 100}",0.7751578288710261,0.7524165216709753,0.7958407688539861,0.7995220973014779,0.8035276926011489,0.7663403080793247,0.7640192867718069,0.7701300782250506,0.8119086136915499,0.7820959106740385,0.01968614641559373,22,0.8404826142759858,0.8407079202484735,0.8391870753078141,0.8347277882636492,0.837124489341297,0.8394113606391389,0.8396709427629553,0.8391749851661956,0.837436186790865,0.8386581514218193,0.0017939167719710027
68,3.1027008957333035,0.008125741949006981,0.014891942342122396,0.00031427526039903554,30,12,16,150,"{'max_depth': 30, 'min_samples_leaf': 12, 'min_samples_split': 16, 'n_estimators': 150}",0.7745147194406059,0.7528522032681444,0.7968994194790422,0.8013922630261395,0.8026206306856487,0.7680102693241015,0.7638385333452519,0.7703379739539009,0.8117613641616426,0.7824697085204976,0.019647431000247052,19,0.840721928558698,0.8415083540910129,0.8390262639897783,0.8351126651615391,0.8376274940524161,0.8393493725179182,0.8393672328983446,0.8393245084437299,0.8375552490720092,0.838843674309494,0.001778960538100217
69,1.0344568093617756,0.00393896558849828,0.005334536234537761,0.00047137058153037283,30,12,20,50,"{'max_depth': 30, 'min_samples_leaf': 12, 'min_samples_split': 20, 'n_estimators': 50}",0.7748831274019012,0.7495048403715305,0.7914970771343544,0.7975358337008398,0.8032946473918048,0.7672754568279406,0.7641604578526362,0.7723673784896139,0.8123541295067589,0.7814303276308201,0.01954455069472931,25,0.840729039428768,0.8386692857262817,0.838490435714641,0.8346296555719466,0.8363493019866589,0.8393514822064561,0.8378103971579898,0.8380497222571468,0.8373597988460814,0.83793767987733,0.0016485677725267052
70,2.0577992068396673,0.006498932173686529,0.010335551367865669,0.00047168890483746,30,12,20,100,"{'max_depth': 30, 'min_samples_leaf': 12, 'min_samples_split': 20, 'n_estimators': 100}",0.7751578288710261,0.7524165216709753,0.7958407688539861,0.7995220973014779,0.8035276926011489,0.7663403080793247,0.7640192867718069,0.7701300782250506,0.8119086136915499,0.7820959106740385,0.01968614641559373,22,0.8404826142759858,0.8407079202484735,0.8391870753078141,0.8347277882636492,0.837124489341297,0.8394113606391389,0.8396709427629553,0.8391749851661956,0.837436186790865,0.8386581514218193,0.0017939167719710027
71,3.083363029691908,0.007833460630055581,0.015225728352864584,0.0004155398958655195,30,12,20,150,"{'max_depth': 30, 'min_samples_leaf': 12, 'min_samples_split': 20, 'n_estimators': 150}",0.7745147194406059,0.7528522032681444,0.7968994194790422,0.8013922630261395,0.8026206306856487,0.7680102693241015,0.7638385333452519,0.7703379739539009,0.8117613641616426,0.7824697085204976,0.019647431000247052,19,0.840721928558698,0.8415083540910129,0.8390262639897783,0.8351126651615391,0.8376274940524161,0.8393493725179182,0.8393672328983446,0.8393245084437299,0.8375552490720092,0.838843674309494,0.001778960538100217
72,0.9629953702290853,0.005224596045464914,0.004889938566419814,0.0003144065143941687,30,18,8,50,"{'max_depth': 30, 'min_samples_leaf': 18, 'min_samples_split': 8, 'n_estimators': 50}",0.7619803974958976,0.7316924374984218,0.7734649555816548,0.7818342045311648,0.7916995503176325,0.7551589379768026,0.7414940107453547,0.7539387893557512,0.801877663467796,0.7659045496633863,0.02188543454482449,43,0.8124476426620777,0.8112759147860366,0.8103646267213795,0.8070552201626878,0.8091104641312972,0.8117224635245684,0.8100946241056141,0.8111774337606429,0.8080864808567552,0.8101483189678955,0.0016680201697855457
73,1.9274352391560872,0.007776485527950989,0.009557803471883139,0.0004968859280804841,30,18,8,100,"{'max_depth': 30, 'min_samples_leaf': 18, 'min_samples_split': 8, 'n_estimators': 100}",0.761614846561419,0.7351769506317036,0.778426541180236,0.7835425288876823,0.7915597474658999,0.7525436863810995,0.7447306729158492,0.7557655890300621,0.8042511920656445,0.7675124172355107,0.02177030786073077,40,0.8125264358341096,0.813165343597794,0.8114255663768846,0.8072071840825863,0.8100543462512355,0.8118987552031492,0.8126920067159222,0.8123492030285336,0.8093099575806502,0.8111809776300962,0.0018418590638325208
74,2.88987570338779,0.011917678907486967,0.014224370320638021,0.00041414285528788326,30,18,8,150,"{'max_depth': 30, 'min_samples_leaf': 18, 'min_samples_split': 8, 'n_estimators': 150}",0.7615761127284194,0.7346031465428301,0.7780286831619887,0.7849392419837484,0.7916968547417937,0.7540461844360071,0.7435121938734935,0.756330604129799,0.8033640185502274,0.7675663377942564,0.02182029416651757,37,0.8123716680062864,0.8136105387244218,0.8108334204482551,0.8074469324107973,0.8104413845563888,0.8116493098309008,0.8123839587406891,0.8126125735121436,0.8100277286907369,0.8112641683245133,0.0017293242275444548
75,0.9655514823065864,0.004547116030813699,0.005001121097140842,0.0004713142856266137,30,18,16,50,"{'max_depth': 30, 'min_samples_leaf': 18, 'min_samples_split': 16, 'n_estimators': 50}",0.7619803974958976,0.7316924374984218,0.7734649555816548,0.7818342045311648,0.7916995503176325,0.7551589379768026,0.7414940107453547,0.7539387893557512,0.801877663467796,0.7659045496633863,0.02188543454482449,43,0.8124476426620777,0.8112759147860366,0.8103646267213795,0.8070552201626878,0.8091104641312972,0.8117224635245684,0.8100946241056141,0.8111774337606429,0.8080864808567552,0.8101483189678955,0.0016680201697855457
76,1.9253236717647977,0.008545107871973354,0.009335491392347548,0.0004714454020491848,30,18,16,100,"{'max_depth': 30, 'min_samples_leaf': 18, 'min_samples_split': 16, 'n_estimators': 100}",0.761614846561419,0.7351769506317036,0.778426541180236,0.7835425288876823,0.7915597474658999,0.7525436863810995,0.7447306729158492,0.7557655890300621,0.8042511920656445,0.7675124172355107,0.02177030786073077,40,0.8125264358341096,0.813165343597794,0.8114255663768846,0.8072071840825863,0.8100543462512355,0.8118987552031492,0.8126920067159222,0.8123492030285336,0.8093099575806502,0.8111809776300962,0.0018418590638325208
77,3.0336839622921414,0.09339749559865254,0.01455892456902398,0.0008318086388950628,30,18,16,150,"{'max_depth': 30, 'min_samples_leaf': 18, 'min_samples_split': 16, 'n_estimators': 150}",0.7615761127284194,0.7346031465428301,0.7780286831619887,0.7849392419837484,0.7916968547417937,0.7540461844360071,0.7435121938734935,0.756330604129799,0.8033640185502274,0.7675663377942564,0.02182029416651757,37,0.8123716680062864,0.8136105387244218,0.8108334204482551,0.8074469324107973,0.8104413845563888,0.8116493098309008,0.8123839587406891,0.8126125735121436,0.8100277286907369,0.8112641683245133,0.0017293242275444548
78,0.9985589451260037,0.005832463152386508,0.005445639292399089,0.0004969926766137906,30,18,20,50,"{'max_depth': 30, 'min_samples_leaf': 18, 'min_samples_split': 20, 'n_estimators': 50}",0.7619803974958976,0.7316924374984218,0.7734649555816548,0.7818342045311648,0.7916995503176325,0.7551589379768026,0.7414940107453547,0.7539387893557512,0.801877663467796,0.7659045496633863,0.02188543454482449,43,0.8124476426620777,0.8112759147860366,0.8103646267213795,0.8070552201626878,0.8091104641312972,0.8117224635245684,0.8100946241056141,0.8111774337606429,0.8080864808567552,0.8101483189678955,0.0016680201697855457
79,1.9767797787984211,0.013657585555806352,0.009780089060465494,0.0004157946348509808,30,18,20,100,"{'max_depth': 30, 'min_samples_leaf': 18, 'min_samples_split': 20, 'n_estimators': 100}",0.761614846561419,0.7351769506317036,0.778426541180236,0.7835425288876823,0.7915597474658999,0.7525436863810995,0.7447306729158492,0.7557655890300621,0.8042511920656445,0.7675124172355107,0.02177030786073077,40,0.8125264358341096,0.813165343597794,0.8114255663768846,0.8072071840825863,0.8100543462512355,0.8118987552031492,0.8126920067159222,0.8123492030285336,0.8093099575806502,0.8111809776300962,0.0018418590638325208
80,2.9567788971794977,0.015895027944107694,0.01433661248948839,0.00047135180159144807,30,18,20,150,"{'max_depth': 30, 'min_samples_leaf': 18, 'min_samples_split': 20, 'n_estimators': 150}",0.7615761127284194,0.7346031465428301,0.7780286831619887,0.7849392419837484,0.7916968547417937,0.7540461844360071,0.7435121938734935,0.756330604129799,0.8033640185502274,0.7675663377942564,0.02182029416651757,37,0.8123716680062864,0.8136105387244218,0.8108334204482551,0.8074469324107973,0.8104413845563888,0.8116493098309008,0.8123839587406891,0.8126125735121436,0.8100277286907369,0.8112641683245133,0.0017293242275444548
